epoch,time,train/box_loss,train/seg_loss,train/cls_loss,train/dfl_loss,train/sem_loss,metrics/precision(B),metrics/recall(B),metrics/mAP50(B),metrics/mAP50-95(B),metrics/precision(M),metrics/recall(M),metrics/mAP50(M),metrics/mAP50-95(M),val/box_loss,val/seg_loss,val/cls_loss,val/dfl_loss,val/sem_loss,lr/pg0,lr/pg1,lr/pg2,lr/pg3,lr/pg4,lr/pg5,lr/pg6,lr/pg7
1,152.27,1.2418,3.25424,3.20217,1.41108,0,0.55242,0.36473,0.31978,0.19402,0.53931,0.36634,0.30922,0.16647,1.24772,2.80282,2.05086,1.35748,0,0.00997778,0.00332593,0.00997778,0.00332593,0.00997778,0.00332593,0.00997778,0.00332593
2,278.848,1.21012,2.77589,1.9921,1.39011,0,0.49811,0.44342,0.43113,0.27074,0.55067,0.42852,0.41779,0.24318,1.17663,2.72067,1.78219,1.30524,0,0.0198789,0.0066263,0.0198789,0.0066263,0.0198789,0.0066263,0.0198789,0.0066263
3,398.458,1.20456,2.74079,1.81739,1.39537,0,0.53586,0.42404,0.39815,0.23391,0.52823,0.42122,0.38628,0.21156,1.33388,2.98937,1.98107,1.4077,0,0.029681,0.00989367,0.029681,0.00989367,0.029681,0.00989367,0.029681,0.00989367
4,516.083,1.21673,2.75848,1.78306,1.40322,0,0.53325,0.44718,0.4551,0.28502,0.51454,0.43989,0.43802,0.25615,1.22185,2.74207,1.83024,1.37922,0,0.0295545,0.0098515,0.0295545,0.0098515,0.0295545,0.0098515,0.0295545,0.0098515
5,633.674,1.18644,2.67536,1.70563,1.38863,0,0.58373,0.47483,0.49404,0.31148,0.59489,0.46873,0.48042,0.27594,1.19666,2.7385,1.69094,1.32192,0,0.029406,0.009802,0.029406,0.009802,0.029406,0.009802,0.029406,0.009802
6,749.447,1.16347,2.64076,1.65514,1.37751,0,0.59748,0.46722,0.49838,0.32466,0.60363,0.46286,0.49323,0.29439,1.14707,2.526,1.60628,1.30166,0,0.0292575,0.0097525,0.0292575,0.0097525,0.0292575,0.0097525,0.0292575,0.0097525
7,865.525,1.15079,2.57762,1.61055,1.36625,0,0.59794,0.47264,0.50934,0.33025,0.59421,0.47454,0.4994,0.29753,1.15464,2.56175,1.58581,1.29623,0,0.029109,0.009703,0.029109,0.009703,0.029109,0.009703,0.029109,0.009703
8,981.704,1.13165,2.55063,1.56522,1.3541,0,0.61279,0.50904,0.53989,0.35576,0.60779,0.50753,0.53014,0.31119,1.14499,2.51708,1.52516,1.27675,0,0.0289605,0.0096535,0.0289605,0.0096535,0.0289605,0.0096535,0.0289605,0.0096535
9,1097.72,1.11092,2.5148,1.53021,1.3433,0,0.59737,0.51823,0.55239,0.36576,0.59303,0.52008,0.54356,0.3334,1.11696,2.41203,1.48407,1.25168,0,0.028812,0.009604,0.028812,0.009604,0.028812,0.009604,0.028812,0.009604
10,1213.95,1.09458,2.48146,1.49393,1.33032,0,0.59043,0.55025,0.55478,0.36872,0.5903,0.5453,0.5467,0.32857,1.08056,2.41029,1.44446,1.22991,0,0.0286635,0.0095545,0.0286635,0.0095545,0.0286635,0.0095545,0.0286635,0.0095545
11,1330.43,1.08132,2.43848,1.46449,1.32086,0,0.59941,0.53744,0.56478,0.38073,0.61418,0.53302,0.55638,0.34255,1.08775,2.33879,1.43843,1.23798,0,0.028515,0.009505,0.028515,0.009505,0.028515,0.009505,0.028515,0.009505
12,1446.31,1.08048,2.42068,1.44598,1.31688,0,0.69728,0.54695,0.58361,0.39585,0.69228,0.5445,0.57368,0.35409,1.07326,2.36894,1.39677,1.23339,0,0.0283665,0.0094555,0.0283665,0.0094555,0.0283665,0.0094555,0.0283665,0.0094555
13,1563.66,1.06823,2.40009,1.40615,1.3093,0,0.60452,0.5599,0.58781,0.39625,0.61189,0.57688,0.57825,0.35429,1.06663,2.29991,1.40977,1.24072,0,0.028218,0.009406,0.028218,0.009406,0.028218,0.009406,0.028218,0.009406
14,1679.86,1.06163,2.3935,1.3938,1.30411,0,0.58392,0.58869,0.58031,0.38979,0.58717,0.58004,0.56732,0.34728,1.07096,2.27406,1.40153,1.22043,0,0.0280695,0.0093565,0.0280695,0.0093565,0.0280695,0.0093565,0.0280695,0.0093565
15,1796.48,1.05314,2.35652,1.38822,1.3008,0,0.61622,0.57724,0.60684,0.42044,0.64471,0.57735,0.60417,0.37966,1.04035,2.25904,1.33678,1.20677,0,0.027921,0.009307,0.027921,0.009307,0.027921,0.009307,0.027921,0.009307
16,1912.12,1.04395,2.33166,1.358,1.29375,0,0.64347,0.55845,0.59069,0.40121,0.65678,0.56053,0.5861,0.36425,1.05159,2.26592,1.35875,1.2131,0,0.0277725,0.0092575,0.0277725,0.0092575,0.0277725,0.0092575,0.0277725,0.0092575
17,2027.84,1.03739,2.33321,1.34449,1.28968,0,0.63318,0.55423,0.58637,0.40085,0.63505,0.55584,0.58053,0.35945,1.04489,2.26966,1.35299,1.20652,0,0.027624,0.009208,0.027624,0.009208,0.027624,0.009208,0.027624,0.009208
18,2142.69,1.02741,2.30188,1.33142,1.28106,0,0.63482,0.59185,0.60822,0.42214,0.62773,0.59608,0.60206,0.38317,1.01242,2.25253,1.30452,1.18459,0,0.0274755,0.0091585,0.0274755,0.0091585,0.0274755,0.0091585,0.0274755,0.0091585
19,2258.58,1.02081,2.28189,1.30918,1.28296,0,0.64299,0.59583,0.62799,0.4335,0.64574,0.59846,0.62105,0.38373,1.02483,2.22615,1.26519,1.19584,0,0.027327,0.009109,0.027327,0.009109,0.027327,0.009109,0.027327,0.009109
20,2374.74,1.01731,2.26153,1.29918,1.27602,0,0.62192,0.61141,0.63105,0.44131,0.61991,0.61155,0.62425,0.39972,1.01264,2.18362,1.25884,1.18591,0,0.0271785,0.0090595,0.0271785,0.0090595,0.0271785,0.0090595,0.0271785,0.0090595
21,2491.04,1.0165,2.25668,1.29666,1.27537,0,0.64329,0.58816,0.61427,0.43116,0.63699,0.59411,0.60822,0.38725,1.02028,2.22761,1.29044,1.18814,0,0.02703,0.00901,0.02703,0.00901,0.02703,0.00901,0.02703,0.00901
22,2607.1,1.01157,2.23756,1.28202,1.27183,0,0.65866,0.58042,0.62779,0.44191,0.64544,0.59638,0.62066,0.39499,1.00408,2.17568,1.24983,1.18006,0,0.0268815,0.0089605,0.0268815,0.0089605,0.0268815,0.0089605,0.0268815,0.0089605
23,2722.99,1.00441,2.22843,1.2696,1.26398,0,0.67345,0.58596,0.6406,0.45082,0.68037,0.58658,0.63377,0.40131,1.00542,2.17834,1.2445,1.16824,0,0.026733,0.008911,0.026733,0.008911,0.026733,0.008911,0.026733,0.008911
24,2838.57,1.01209,2.22189,1.27162,1.27065,0,0.64789,0.61191,0.63852,0.45355,0.64766,0.61072,0.63319,0.41108,0.99625,2.16891,1.26006,1.18364,0,0.0265845,0.0088615,0.0265845,0.0088615,0.0265845,0.0088615,0.0265845,0.0088615
25,2954.31,0.9941,2.1931,1.24988,1.25761,0,0.6332,0.61707,0.6347,0.44867,0.63829,0.61314,0.62637,0.39959,0.97725,2.15217,1.21695,1.16493,0,0.026436,0.008812,0.026436,0.008812,0.026436,0.008812,0.026436,0.008812
26,3069.78,0.9905,2.20168,1.24207,1.25796,0,0.62146,0.63528,0.65119,0.46027,0.62972,0.62807,0.64281,0.41448,0.99261,2.14783,1.21078,1.16733,0,0.0262875,0.0087625,0.0262875,0.0087625,0.0262875,0.0087625,0.0262875,0.0087625
27,3186.01,0.98906,2.17136,1.23117,1.25022,0,0.65363,0.60249,0.63698,0.44924,0.6395,0.6075,0.62805,0.40375,0.96871,2.12819,1.22044,1.14548,0,0.026139,0.008713,0.026139,0.008713,0.026139,0.008713,0.026139,0.008713
28,3303.13,0.97629,2.15913,1.22311,1.24646,0,0.65003,0.60806,0.63595,0.45577,0.6665,0.61119,0.63536,0.41184,0.97948,2.13475,1.23429,1.15845,0,0.0259905,0.0086635,0.0259905,0.0086635,0.0259905,0.0086635,0.0259905,0.0086635
29,3419.89,0.98432,2.155,1.21561,1.25205,0,0.64257,0.59511,0.6343,0.44372,0.64095,0.59136,0.62425,0.39493,0.98971,2.20075,1.26144,1.16277,0,0.025842,0.008614,0.025842,0.008614,0.025842,0.008614,0.025842,0.008614
30,3537.72,0.97483,2.16253,1.22398,1.24622,0,0.6439,0.60893,0.63432,0.44732,0.64142,0.60884,0.62901,0.40291,0.9947,2.17073,1.22524,1.16829,0,0.0256935,0.0085645,0.0256935,0.0085645,0.0256935,0.0085645,0.0256935,0.0085645
31,3654.24,0.97955,2.15291,1.20012,1.2419,0,0.6494,0.61096,0.64374,0.45546,0.65538,0.61102,0.64231,0.4118,0.97185,2.12938,1.21798,1.15807,0,0.025545,0.008515,0.025545,0.008515,0.025545,0.008515,0.025545,0.008515
32,3771.55,0.97067,2.14087,1.2058,1.23983,0,0.66746,0.62635,0.65337,0.46722,0.66381,0.63806,0.65234,0.42547,0.959,2.07796,1.17875,1.12648,0,0.0253965,0.0084655,0.0253965,0.0084655,0.0253965,0.0084655,0.0253965,0.0084655
33,3889.27,0.96287,2.11588,1.18152,1.23979,0,0.65587,0.61774,0.64844,0.46323,0.67261,0.60707,0.64299,0.41283,0.96458,2.04242,1.18204,1.14004,0,0.025248,0.008416,0.025248,0.008416,0.025248,0.008416,0.025248,0.008416
34,4006.6,0.96016,2.10311,1.18542,1.23791,0,0.64028,0.64409,0.64734,0.46386,0.64066,0.64545,0.64462,0.41863,0.96656,2.04656,1.16459,1.14249,0,0.0250995,0.0083665,0.0250995,0.0083665,0.0250995,0.0083665,0.0250995,0.0083665
35,4124.79,0.9661,2.12624,1.18602,1.23838,0,0.66544,0.63236,0.66001,0.47317,0.67702,0.62056,0.65127,0.42832,0.95872,2.06219,1.16811,1.13921,0,0.024951,0.008317,0.024951,0.008317,0.024951,0.008317,0.024951,0.008317
36,4242.2,0.95847,2.11084,1.17106,1.22975,0,0.64871,0.63861,0.65615,0.46888,0.66893,0.62446,0.65107,0.42587,0.9603,2.06615,1.19583,1.13604,0,0.0248025,0.0082675,0.0248025,0.0082675,0.0248025,0.0082675,0.0248025,0.0082675
37,4359.16,0.95064,2.09727,1.16174,1.22537,0,0.67776,0.62963,0.66449,0.48138,0.69219,0.63093,0.66191,0.43101,0.93989,2.02018,1.13898,1.12534,0,0.024654,0.008218,0.024654,0.008218,0.024654,0.008218,0.024654,0.008218
38,4476.19,0.95048,2.08908,1.15683,1.23206,0,0.63955,0.63374,0.65335,0.46153,0.66274,0.62448,0.65011,0.41389,0.95983,2.07427,1.17306,1.13599,0,0.0245055,0.0081685,0.0245055,0.0081685,0.0245055,0.0081685,0.0245055,0.0081685
39,4592.19,0.94733,2.09438,1.16447,1.22569,0,0.66929,0.63852,0.67532,0.48641,0.67565,0.62574,0.66853,0.43919,0.94883,2.03746,1.13617,1.12992,0,0.024357,0.008119,0.024357,0.008119,0.024357,0.008119,0.024357,0.008119
40,4708.53,0.94391,2.06095,1.14517,1.22347,0,0.64654,0.63657,0.65852,0.46874,0.67393,0.62607,0.65535,0.42446,0.95811,2.05181,1.15306,1.13999,0,0.0242085,0.0080695,0.0242085,0.0080695,0.0242085,0.0080695,0.0242085,0.0080695
41,4824.79,0.94225,2.07133,1.15352,1.22903,0,0.68692,0.62181,0.66375,0.47377,0.68208,0.6228,0.65659,0.42421,0.93713,2.04212,1.14762,1.11827,0,0.02406,0.00802,0.02406,0.00802,0.02406,0.00802,0.02406,0.00802
42,4941.39,0.9401,2.03672,1.12779,1.21932,0,0.65187,0.64666,0.66091,0.46925,0.66234,0.64221,0.65578,0.42738,0.95534,2.03171,1.13001,1.12857,0,0.0239115,0.0079705,0.0239115,0.0079705,0.0239115,0.0079705,0.0239115,0.0079705
43,5057.87,0.94439,2.07458,1.15084,1.22517,0,0.66085,0.65465,0.67637,0.48727,0.65994,0.65404,0.66736,0.44106,0.9334,2.05371,1.11245,1.1176,0,0.023763,0.007921,0.023763,0.007921,0.023763,0.007921,0.023763,0.007921
44,5173.38,0.93495,2.0517,1.12988,1.21695,0,0.67481,0.64556,0.67187,0.4874,0.67504,0.64333,0.66355,0.4413,0.93535,2.00825,1.09719,1.12467,0,0.0236145,0.0078715,0.0236145,0.0078715,0.0236145,0.0078715,0.0236145,0.0078715
45,5289.07,0.93538,2.05251,1.12972,1.22091,0,0.6859,0.64309,0.67614,0.48646,0.68815,0.64043,0.66837,0.43715,0.93811,2.02233,1.10138,1.12299,0,0.023466,0.007822,0.023466,0.007822,0.023466,0.007822,0.023466,0.007822
46,5405.12,0.9354,2.04501,1.11896,1.21347,0,0.66253,0.6246,0.65865,0.47625,0.66816,0.62634,0.65685,0.43329,0.93869,2.03686,1.12558,1.11684,0,0.0233175,0.0077725,0.0233175,0.0077725,0.0233175,0.0077725,0.0233175,0.0077725
47,5520.86,0.92329,2.01691,1.11052,1.20902,0,0.68533,0.64418,0.67777,0.48918,0.69212,0.64659,0.67241,0.44102,0.92896,2.03916,1.10977,1.11791,0,0.023169,0.007723,0.023169,0.007723,0.023169,0.007723,0.023169,0.007723
48,5637.46,0.92668,2.01175,1.10474,1.20902,0,0.67477,0.65318,0.67624,0.4918,0.67735,0.64773,0.66877,0.44326,0.92522,2.0112,1.09399,1.11101,0,0.0230205,0.0076735,0.0230205,0.0076735,0.0230205,0.0076735,0.0230205,0.0076735
49,5753.09,0.92614,2.02317,1.11313,1.2089,0,0.65687,0.66002,0.67708,0.49145,0.66197,0.65256,0.66919,0.44172,0.9351,2.01963,1.11309,1.11926,0,0.022872,0.007624,0.022872,0.007624,0.022872,0.007624,0.022872,0.007624
50,5869.33,0.92819,2.02412,1.11204,1.21358,0,0.68616,0.62595,0.66405,0.48497,0.68616,0.62709,0.65716,0.43621,0.94251,2.04543,1.13328,1.11545,0,0.0227235,0.0075745,0.0227235,0.0075745,0.0227235,0.0075745,0.0227235,0.0075745
51,5985.87,0.92049,2.00954,1.10021,1.20501,0,0.69775,0.63976,0.67811,0.49224,0.70329,0.64148,0.67096,0.44047,0.93262,2.02549,1.09762,1.11588,0,0.022575,0.007525,0.022575,0.007525,0.022575,0.007525,0.022575,0.007525
52,6102.2,0.92159,2.0031,1.09611,1.20767,0,0.67391,0.64324,0.66947,0.48544,0.68328,0.63273,0.66353,0.44026,0.93313,2.04009,1.11903,1.10951,0,0.0224265,0.0074755,0.0224265,0.0074755,0.0224265,0.0074755,0.0224265,0.0074755
53,6219.16,0.91731,1.99571,1.08622,1.203,0,0.66412,0.64997,0.66821,0.4919,0.68176,0.63347,0.66227,0.44559,0.92058,2.00225,1.09366,1.10172,0,0.022278,0.007426,0.022278,0.007426,0.022278,0.007426,0.022278,0.007426
54,6335.93,0.91158,1.99857,1.08548,1.1967,0,0.65831,0.65854,0.67876,0.49276,0.66443,0.66312,0.67558,0.44127,0.9164,2.0016,1.09522,1.09637,0,0.0221295,0.0073765,0.0221295,0.0073765,0.0221295,0.0073765,0.0221295,0.0073765
55,6452.21,0.9184,1.98804,1.08611,1.20055,0,0.67041,0.6665,0.67985,0.49924,0.70489,0.64171,0.6762,0.45008,0.90673,1.99483,1.06959,1.09499,0,0.021981,0.007327,0.021981,0.007327,0.021981,0.007327,0.021981,0.007327
56,6569.02,0.90906,1.97101,1.07798,1.20056,0,0.67595,0.67273,0.68676,0.50387,0.67738,0.67422,0.68361,0.45329,0.91128,1.97823,1.07538,1.10021,0,0.0218325,0.0072775,0.0218325,0.0072775,0.0218325,0.0072775,0.0218325,0.0072775
57,6685.09,0.90438,1.97541,1.07502,1.1929,0,0.67584,0.65693,0.68033,0.4992,0.67581,0.65825,0.67572,0.45099,0.91801,1.98379,1.08938,1.10546,0,0.021684,0.007228,0.021684,0.007228,0.021684,0.007228,0.021684,0.007228
58,6801.67,0.90761,1.96903,1.07014,1.19637,0,0.69353,0.63949,0.68096,0.49719,0.68447,0.65589,0.67989,0.45519,0.92301,1.97465,1.0849,1.10856,0,0.0215355,0.0071785,0.0215355,0.0071785,0.0215355,0.0071785,0.0215355,0.0071785
59,6918.33,0.90649,1.96806,1.07204,1.19496,0,0.68574,0.6491,0.68113,0.49979,0.68061,0.65647,0.67676,0.44976,0.90976,1.99427,1.06667,1.09695,0,0.021387,0.007129,0.021387,0.007129,0.021387,0.007129,0.021387,0.007129
60,7035.53,0.89509,1.94989,1.06393,1.18672,0,0.68915,0.64269,0.68616,0.50375,0.69753,0.64686,0.6837,0.45544,0.92017,2.04143,1.07207,1.10761,0,0.0212385,0.0070795,0.0212385,0.0070795,0.0212385,0.0070795,0.0212385,0.0070795
61,7152.61,0.90606,1.97268,1.06312,1.19513,0,0.70476,0.6579,0.69001,0.50825,0.71373,0.65817,0.68686,0.45679,0.90417,1.98536,1.06682,1.09429,0,0.02109,0.00703,0.02109,0.00703,0.02109,0.00703,0.02109,0.00703
62,7268.2,0.90349,1.95965,1.06156,1.19462,0,0.68236,0.6628,0.69141,0.50526,0.68465,0.65457,0.67822,0.46067,0.91754,1.96397,1.06124,1.09684,0,0.0209415,0.0069805,0.0209415,0.0069805,0.0209415,0.0069805,0.0209415,0.0069805
63,7383.47,0.8997,1.93377,1.05333,1.19063,0,0.69851,0.65647,0.68795,0.50511,0.69227,0.66625,0.68129,0.45629,0.91276,2.00943,1.07279,1.09643,0,0.020793,0.006931,0.020793,0.006931,0.020793,0.006931,0.020793,0.006931
64,7500.97,0.89753,1.94989,1.05158,1.18907,0,0.66422,0.67515,0.68401,0.50217,0.66983,0.67037,0.67559,0.45371,0.90019,1.99262,1.06386,1.088,0,0.0206445,0.0068815,0.0206445,0.0068815,0.0206445,0.0068815,0.0206445,0.0068815
65,7617.53,0.89574,1.94086,1.0492,1.19277,0,0.68166,0.6608,0.68433,0.50591,0.6825,0.66136,0.68054,0.4562,0.90511,1.94888,1.06048,1.08988,0,0.020496,0.006832,0.020496,0.006832,0.020496,0.006832,0.020496,0.006832
66,7735.35,0.89596,1.92863,1.04475,1.1903,0,0.68171,0.6726,0.69186,0.51027,0.68408,0.67396,0.68819,0.46394,0.9001,1.98093,1.05254,1.08829,0,0.0203475,0.0067825,0.0203475,0.0067825,0.0203475,0.0067825,0.0203475,0.0067825
67,7851.61,0.89032,1.92525,1.04185,1.18542,0,0.67774,0.693,0.70402,0.51732,0.71158,0.66486,0.70193,0.46852,0.89443,1.95699,1.03799,1.08137,0,0.020199,0.006733,0.020199,0.006733,0.020199,0.006733,0.020199,0.006733
68,7967.75,0.88211,1.92079,1.03574,1.1809,0,0.68975,0.66437,0.68709,0.50354,0.68967,0.66274,0.68121,0.45305,0.9101,2.03011,1.07177,1.09483,0,0.0200505,0.0066835,0.0200505,0.0066835,0.0200505,0.0066835,0.0200505,0.0066835
69,8084.61,0.87984,1.91651,1.02376,1.17358,0,0.67736,0.68837,0.6921,0.50954,0.68564,0.69195,0.69203,0.46054,0.89515,1.97491,1.03592,1.08423,0,0.019902,0.006634,0.019902,0.006634,0.019902,0.006634,0.019902,0.006634
70,8200.93,0.88632,1.91517,1.02445,1.17811,0,0.7054,0.66362,0.70071,0.51413,0.70194,0.65921,0.68955,0.46105,0.90106,1.93524,1.04523,1.08644,0,0.0197535,0.0065845,0.0197535,0.0065845,0.0197535,0.0065845,0.0197535,0.0065845
71,8317.09,0.8877,1.92634,1.03421,1.18276,0,0.69892,0.66523,0.70026,0.51295,0.69645,0.67284,0.69517,0.46841,0.89694,1.94924,1.04327,1.08662,0,0.019605,0.006535,0.019605,0.006535,0.019605,0.006535,0.019605,0.006535
72,8432.83,0.88069,1.90332,1.02172,1.17876,0,0.67322,0.68314,0.69952,0.51619,0.69828,0.67493,0.69559,0.47044,0.90014,1.96569,1.04268,1.08276,0,0.0194565,0.0064855,0.0194565,0.0064855,0.0194565,0.0064855,0.0194565,0.0064855
73,8548.57,0.88174,1.90251,1.02819,1.18425,0,0.67916,0.67921,0.69641,0.51781,0.68563,0.68166,0.69642,0.46959,0.88846,1.9273,1.02744,1.07846,0,0.019308,0.006436,0.019308,0.006436,0.019308,0.006436,0.019308,0.006436
74,8663.8,0.87404,1.88848,1.01566,1.17827,0,0.6933,0.68094,0.70386,0.52058,0.69174,0.67778,0.69789,0.46873,0.8981,1.93905,1.03315,1.08838,0,0.0191595,0.0063865,0.0191595,0.0063865,0.0191595,0.0063865,0.0191595,0.0063865
75,8779.31,0.87637,1.89001,1.01367,1.17656,0,0.6754,0.69969,0.71053,0.5298,0.73457,0.64109,0.70748,0.47638,0.88213,1.95461,1.02468,1.07715,0,0.019011,0.006337,0.019011,0.006337,0.019011,0.006337,0.019011,0.006337
76,8895.4,0.87957,1.90166,1.0199,1.17805,0,0.7192,0.65458,0.70021,0.5225,0.72667,0.64741,0.69484,0.46898,0.89595,1.96376,1.0382,1.08056,0,0.0188625,0.0062875,0.0188625,0.0062875,0.0188625,0.0062875,0.0188625,0.0062875
77,9011.71,0.87087,1.8734,0.99825,1.16987,0,0.74546,0.65108,0.70676,0.5229,0.74595,0.65637,0.70633,0.47276,0.90147,1.95368,1.03189,1.08621,0,0.018714,0.006238,0.018714,0.006238,0.018714,0.006238,0.018714,0.006238
78,9127.65,0.86908,1.89126,1.00453,1.17248,0,0.6973,0.68244,0.70879,0.52494,0.7127,0.6805,0.70873,0.4808,0.89089,1.97092,1.02906,1.07997,0,0.0185655,0.0061885,0.0185655,0.0061885,0.0185655,0.0061885,0.0185655,0.0061885
79,9243.52,0.87286,1.87554,1.00334,1.17087,0,0.68522,0.67914,0.69823,0.52218,0.68853,0.68056,0.69454,0.47217,0.89397,1.94453,1.02574,1.08548,0,0.018417,0.006139,0.018417,0.006139,0.018417,0.006139,0.018417,0.006139
80,9359.37,0.87381,1.8659,0.99802,1.17277,0,0.67715,0.6764,0.69868,0.52162,0.70189,0.66233,0.69605,0.47014,0.89219,1.9612,1.0265,1.08165,0,0.0182685,0.0060895,0.0182685,0.0060895,0.0182685,0.0060895,0.0182685,0.0060895
81,9475.22,0.87043,1.88202,1.00209,1.17173,0,0.6642,0.69048,0.69751,0.52211,0.68171,0.6812,0.69572,0.46746,0.89041,1.94182,1.03651,1.07675,0,0.01812,0.00604,0.01812,0.00604,0.01812,0.00604,0.01812,0.00604
82,9590.47,0.86802,1.86747,0.99245,1.16745,0,0.71891,0.6484,0.7006,0.52332,0.72779,0.65247,0.70089,0.47744,0.89191,1.94315,1.02904,1.08291,0,0.0179715,0.0059905,0.0179715,0.0059905,0.0179715,0.0059905,0.0179715,0.0059905
83,9706.6,0.86383,1.87018,0.99403,1.1652,0,0.71533,0.66968,0.71065,0.53241,0.72204,0.67371,0.71154,0.48287,0.88472,1.9188,1.01244,1.07514,0,0.017823,0.005941,0.017823,0.005941,0.017823,0.005941,0.017823,0.005941
84,9822.97,0.86795,1.87221,1.00128,1.17027,0,0.68501,0.68625,0.70191,0.52384,0.68455,0.68495,0.69844,0.47216,0.88689,1.93556,1.02308,1.07661,0,0.0176745,0.0058915,0.0176745,0.0058915,0.0176745,0.0058915,0.0176745,0.0058915
85,9940.02,0.86819,1.85637,0.98698,1.16717,0,0.6939,0.68019,0.69906,0.51818,0.69795,0.67818,0.69533,0.46665,0.89661,1.93891,1.03667,1.08372,0,0.017526,0.005842,0.017526,0.005842,0.017526,0.005842,0.017526,0.005842
86,10055.6,0.86597,1.84468,0.99226,1.16857,0,0.70409,0.67861,0.70301,0.5237,0.70792,0.67867,0.70071,0.47599,0.88812,1.92657,1.02104,1.07706,0,0.0173775,0.0057925,0.0173775,0.0057925,0.0173775,0.0057925,0.0173775,0.0057925
87,10172.5,0.86049,1.84785,0.97874,1.1621,0,0.71944,0.67246,0.70621,0.52712,0.71765,0.67133,0.70139,0.47375,0.88385,1.93006,1.01546,1.07283,0,0.017229,0.005743,0.017229,0.005743,0.017229,0.005743,0.017229,0.005743
88,10288.3,0.86106,1.84369,0.9756,1.16206,0,0.71794,0.67032,0.7113,0.5322,0.71943,0.66583,0.70447,0.47655,0.88258,1.94122,1.01331,1.07137,0,0.0170805,0.0056935,0.0170805,0.0056935,0.0170805,0.0056935,0.0170805,0.0056935
89,10404.9,0.85886,1.85275,0.97704,1.16473,0,0.71382,0.66194,0.7027,0.52391,0.73276,0.64722,0.69994,0.47155,0.88429,1.92976,1.01006,1.07498,0,0.016932,0.005644,0.016932,0.005644,0.016932,0.005644,0.016932,0.005644
90,10521.7,0.86318,1.84819,0.9731,1.16512,0,0.71713,0.64715,0.69797,0.51793,0.72108,0.64722,0.69569,0.46703,0.88755,1.95462,1.03056,1.07794,0,0.0167835,0.0055945,0.0167835,0.0055945,0.0167835,0.0055945,0.0167835,0.0055945
91,10638.1,0.85621,1.84465,0.97214,1.15995,0,0.73347,0.65546,0.70472,0.53064,0.73558,0.65624,0.70059,0.47732,0.88316,1.94202,1.0098,1.07615,0,0.016635,0.005545,0.016635,0.005545,0.016635,0.005545,0.016635,0.005545
92,10754.5,0.85155,1.82963,0.97123,1.15943,0,0.70044,0.67281,0.70636,0.5312,0.69381,0.67982,0.7032,0.47822,0.87278,1.91973,1.00346,1.06665,0,0.0164865,0.0054955,0.0164865,0.0054955,0.0164865,0.0054955,0.0164865,0.0054955
93,10869.7,0.85557,1.82255,0.96247,1.15869,0,0.69069,0.68401,0.70658,0.53195,0.69598,0.68693,0.70744,0.48059,0.87862,1.935,1.00151,1.07403,0,0.016338,0.005446,0.016338,0.005446,0.016338,0.005446,0.016338,0.005446
94,10985.4,0.8479,1.83373,0.96512,1.15494,0,0.67528,0.69479,0.70628,0.5315,0.67566,0.69244,0.70122,0.48186,0.87847,1.94954,1.01215,1.07068,0,0.0161895,0.0053965,0.0161895,0.0053965,0.0161895,0.0053965,0.0161895,0.0053965
95,11100.9,0.85101,1.83489,0.96396,1.15651,0,0.71667,0.67577,0.71295,0.53317,0.71901,0.67712,0.70958,0.48036,0.87766,1.94048,1.00919,1.0706,0,0.016041,0.005347,0.016041,0.005347,0.016041,0.005347,0.016041,0.005347
96,11216.5,0.85527,1.82513,0.96225,1.1585,0,0.7095,0.67458,0.70855,0.53209,0.71177,0.67627,0.70603,0.48079,0.87888,1.92845,1.00394,1.07268,0,0.0158925,0.0052975,0.0158925,0.0052975,0.0158925,0.0052975,0.0158925,0.0052975
97,11331.3,0.84461,1.81162,0.95937,1.15488,0,0.69187,0.69165,0.71156,0.53607,0.69565,0.69171,0.70746,0.48209,0.88068,1.94893,1.00091,1.07429,0,0.015744,0.005248,0.015744,0.005248,0.015744,0.005248,0.015744,0.005248
98,11446,0.85081,1.81844,0.96139,1.15804,0,0.72521,0.66979,0.71168,0.5299,0.73367,0.66923,0.70691,0.48036,0.87691,1.93912,0.9967,1.07164,0,0.0155955,0.0051985,0.0155955,0.0051985,0.0155955,0.0051985,0.0155955,0.0051985
99,11560.2,0.84524,1.79026,0.95027,1.15374,0,0.71303,0.68592,0.7066,0.52964,0.71112,0.68043,0.70014,0.47756,0.87107,1.92908,0.99568,1.06676,0,0.015447,0.005149,0.015447,0.005149,0.015447,0.005149,0.015447,0.005149
100,11689.6,0.84988,1.81724,0.95535,1.15862,0,0.70188,0.6832,0.71319,0.53426,0.70657,0.67657,0.70863,0.48143,0.86922,1.93181,0.99139,1.06323,0,0.0152985,0.0050995,0.0152985,0.0050995,0.0152985,0.0050995,0.0152985,0.0050995
101,11819.1,0.84675,1.79742,0.94661,1.1532,0,0.70468,0.69292,0.71539,0.53661,0.71746,0.68325,0.71636,0.48691,0.87486,1.92285,0.98713,1.06693,0,0.01515,0.00505,0.01515,0.00505,0.01515,0.00505,0.01515,0.00505
102,11937.4,0.84446,1.80627,0.95098,1.15419,0,0.69609,0.6987,0.70949,0.53082,0.70748,0.69513,0.71016,0.48173,0.87512,1.93174,1.00286,1.06961,0,0.0150015,0.0050005,0.0150015,0.0050005,0.0150015,0.0050005,0.0150015,0.0050005
103,12053.3,0.8362,1.78275,0.94204,1.15062,0,0.70642,0.69966,0.71261,0.5345,0.71101,0.70073,0.7146,0.4839,0.86899,1.96966,0.99591,1.06988,0,0.014853,0.004951,0.014853,0.004951,0.014853,0.004951,0.014853,0.004951
104,12168.8,0.83811,1.78956,0.94266,1.15061,0,0.70854,0.68935,0.71357,0.53529,0.73719,0.671,0.71558,0.48188,0.87322,1.94315,0.99562,1.06782,0,0.0147045,0.0049015,0.0147045,0.0049015,0.0147045,0.0049015,0.0147045,0.0049015
105,12284.6,0.83852,1.79184,0.93051,1.15001,0,0.73268,0.67412,0.71522,0.53907,0.73695,0.68215,0.71655,0.48671,0.86618,1.92334,0.98708,1.0628,0,0.014556,0.004852,0.014556,0.004852,0.014556,0.004852,0.014556,0.004852
106,12400.2,0.83949,1.78584,0.93438,1.14901,0,0.71457,0.68877,0.71703,0.54028,0.72723,0.68203,0.71606,0.48936,0.86846,1.91122,0.98182,1.06027,0,0.0144075,0.0048025,0.0144075,0.0048025,0.0144075,0.0048025,0.0144075,0.0048025
107,12515.3,0.83145,1.77317,0.93284,1.1448,0,0.72559,0.68283,0.71383,0.53412,0.72768,0.68381,0.71204,0.48334,0.88302,1.94625,0.99347,1.07819,0,0.014259,0.004753,0.014259,0.004753,0.014259,0.004753,0.014259,0.004753
108,12630.7,0.84172,1.78253,0.94177,1.15142,0,0.7222,0.66422,0.7081,0.53166,0.72514,0.66099,0.70441,0.47673,0.87551,1.94851,0.99699,1.06656,0,0.0141105,0.0047035,0.0141105,0.0047035,0.0141105,0.0047035,0.0141105,0.0047035
109,12746.2,0.83276,1.75822,0.92559,1.14631,0,0.71517,0.68657,0.71447,0.54009,0.72232,0.6917,0.71653,0.4878,0.8633,1.93,0.98415,1.05963,0,0.013962,0.004654,0.013962,0.004654,0.013962,0.004654,0.013962,0.004654
110,12862.8,0.82592,1.76115,0.91934,1.13937,0,0.72009,0.68967,0.7173,0.54141,0.72487,0.69259,0.71698,0.48739,0.86527,1.91784,0.97002,1.06185,0,0.0138135,0.0046045,0.0138135,0.0046045,0.0138135,0.0046045,0.0138135,0.0046045
111,12978.5,0.83159,1.78389,0.92883,1.14533,0,0.73193,0.68298,0.71115,0.53653,0.73318,0.68635,0.71112,0.48192,0.86074,1.90591,0.98167,1.05544,0,0.013665,0.004555,0.013665,0.004555,0.013665,0.004555,0.013665,0.004555
112,13094.2,0.82486,1.76546,0.92137,1.13977,0,0.7126,0.68786,0.71535,0.53953,0.69754,0.70062,0.71467,0.48666,0.87094,1.91508,0.98084,1.06475,0,0.0135165,0.0045055,0.0135165,0.0045055,0.0135165,0.0045055,0.0135165,0.0045055
113,13209.2,0.82563,1.76147,0.92136,1.14521,0,0.70375,0.70154,0.71846,0.54219,0.70426,0.70175,0.71616,0.49221,0.86483,1.92794,0.97198,1.06021,0,0.013368,0.004456,0.013368,0.004456,0.013368,0.004456,0.013368,0.004456
114,13324.5,0.83122,1.7648,0.92211,1.13938,0,0.70573,0.68767,0.71193,0.5356,0.71117,0.69008,0.71101,0.48723,0.86611,1.91539,0.98489,1.06153,0,0.0132195,0.0044065,0.0132195,0.0044065,0.0132195,0.0044065,0.0132195,0.0044065
115,13440.7,0.82523,1.76541,0.92007,1.14145,0,0.7362,0.67037,0.7149,0.53896,0.73853,0.67155,0.71321,0.48729,0.87063,1.91339,0.98448,1.06643,0,0.013071,0.004357,0.013071,0.004357,0.013071,0.004357,0.013071,0.004357
116,13556.2,0.82437,1.76901,0.915,1.13935,0,0.72092,0.67418,0.71224,0.53793,0.72105,0.67035,0.71172,0.48487,0.86373,1.92947,0.98762,1.06267,0,0.0129225,0.0043075,0.0129225,0.0043075,0.0129225,0.0043075,0.0129225,0.0043075
117,13683.2,0.82305,1.75819,0.90901,1.14045,0,0.73278,0.67907,0.7147,0.54222,0.73098,0.67705,0.70828,0.48505,0.86142,1.92311,0.9828,1.06103,0,0.012774,0.004258,0.012774,0.004258,0.012774,0.004258,0.012774,0.004258
118,13802,0.81837,1.73759,0.90245,1.13889,0,0.72174,0.6795,0.71089,0.53745,0.7393,0.66263,0.70571,0.48525,0.87226,1.93687,0.99905,1.06812,0,0.0126255,0.0042085,0.0126255,0.0042085,0.0126255,0.0042085,0.0126255,0.0042085
119,13917.8,0.82624,1.75487,0.90926,1.13977,0,0.7294,0.68672,0.71765,0.54245,0.73343,0.68737,0.71725,0.48832,0.86179,1.9301,0.98105,1.05597,0,0.012477,0.004159,0.012477,0.004159,0.012477,0.004159,0.012477,0.004159
120,14035.3,0.81965,1.75499,0.90386,1.135,0,0.7316,0.67791,0.71426,0.54057,0.73712,0.6804,0.71449,0.48625,0.8594,1.94372,0.98012,1.0571,0,0.0123285,0.0041095,0.0123285,0.0041095,0.0123285,0.0041095,0.0123285,0.0041095
121,14151.4,0.81432,1.75306,0.90473,1.13615,0,0.72092,0.68046,0.7182,0.54313,0.72464,0.68,0.71534,0.49207,0.86084,1.92896,0.97421,1.0573,0,0.01218,0.00406,0.01218,0.00406,0.01218,0.00406,0.01218,0.00406
122,14266.5,0.81943,1.73311,0.9024,1.13784,0,0.7231,0.6949,0.72317,0.54895,0.72531,0.69657,0.72382,0.49621,0.85734,1.90809,0.97687,1.05914,0,0.0120315,0.0040105,0.0120315,0.0040105,0.0120315,0.0040105,0.0120315,0.0040105
123,14382,0.81686,1.73605,0.90685,1.13656,0,0.7235,0.68441,0.72098,0.5454,0.72343,0.69342,0.72312,0.4932,0.85763,1.92683,0.97192,1.05606,0,0.011883,0.003961,0.011883,0.003961,0.011883,0.003961,0.011883,0.003961
124,14497.4,0.81824,1.74004,0.89935,1.13464,0,0.73248,0.67979,0.7206,0.54795,0.73732,0.68244,0.71981,0.49166,0.86042,1.92153,0.97439,1.05741,0,0.0117345,0.0039115,0.0117345,0.0039115,0.0117345,0.0039115,0.0117345,0.0039115
125,14612.8,0.81687,1.73789,0.89782,1.14166,0,0.73983,0.68329,0.72026,0.54688,0.74651,0.6871,0.72019,0.49209,0.86191,1.91249,0.97295,1.05752,0,0.011586,0.003862,0.011586,0.003862,0.011586,0.003862,0.011586,0.003862
126,14728.1,0.80951,1.73007,0.89378,1.13299,0,0.71546,0.69998,0.71715,0.54156,0.72385,0.68979,0.71606,0.48796,0.86777,1.94463,0.97822,1.05998,0,0.0114375,0.0038125,0.0114375,0.0038125,0.0114375,0.0038125,0.0114375,0.0038125
127,14843.4,0.815,1.72912,0.89366,1.13283,0,0.72369,0.71325,0.71906,0.5397,0.73565,0.70692,0.71973,0.48819,0.86547,1.93027,0.9758,1.05959,0,0.011289,0.003763,0.011289,0.003763,0.011289,0.003763,0.011289,0.003763
128,14959.1,0.81639,1.71821,0.89272,1.13221,0,0.72149,0.69767,0.71444,0.54188,0.72678,0.70085,0.71652,0.4884,0.85624,1.89398,0.97274,1.05221,0,0.0111405,0.0037135,0.0111405,0.0037135,0.0111405,0.0037135,0.0111405,0.0037135
129,15074.2,0.80788,1.72049,0.88892,1.1284,0,0.70461,0.69499,0.71354,0.5424,0.7102,0.69882,0.71451,0.48863,0.86088,1.90151,0.975,1.06048,0,0.010992,0.003664,0.010992,0.003664,0.010992,0.003664,0.010992,0.003664
130,15189,0.81677,1.72571,0.89669,1.13599,0,0.7162,0.68811,0.71474,0.54139,0.71698,0.69405,0.71534,0.4865,0.86094,1.90126,0.97765,1.06008,0,0.0108435,0.0036145,0.0108435,0.0036145,0.0108435,0.0036145,0.0108435,0.0036145
131,15304.8,0.80914,1.71212,0.88546,1.12948,0,0.69831,0.70614,0.71695,0.54524,0.72403,0.69002,0.71581,0.48943,0.84932,1.91312,0.96929,1.04848,0,0.010695,0.003565,0.010695,0.003565,0.010695,0.003565,0.010695,0.003565
132,15420.6,0.81003,1.70345,0.88973,1.12711,0,0.71584,0.69939,0.71492,0.54524,0.72411,0.69875,0.71489,0.48933,0.84875,1.91465,0.97139,1.04889,0,0.0105465,0.0035155,0.0105465,0.0035155,0.0105465,0.0035155,0.0105465,0.0035155
133,15536.7,0.80684,1.71155,0.88663,1.13202,0,0.70012,0.70859,0.71523,0.54427,0.71643,0.70119,0.7151,0.4886,0.85656,1.9297,0.97384,1.05598,0,0.010398,0.003466,0.010398,0.003466,0.010398,0.003466,0.010398,0.003466
134,15652.1,0.81129,1.71786,0.8817,1.12909,0,0.73568,0.67344,0.71965,0.54725,0.74225,0.67852,0.71815,0.49411,0.84788,1.92589,0.95797,1.05029,0,0.0102495,0.0034165,0.0102495,0.0034165,0.0102495,0.0034165,0.0102495,0.0034165
135,15767.9,0.80411,1.71518,0.88009,1.1228,0,0.729,0.69071,0.72232,0.54981,0.7368,0.69067,0.72102,0.49793,0.85105,1.9137,0.95899,1.05208,0,0.010101,0.003367,0.010101,0.003367,0.010101,0.003367,0.010101,0.003367
136,15883.4,0.80231,1.69541,0.87384,1.12502,0,0.72182,0.70545,0.72534,0.54994,0.7267,0.70859,0.72512,0.4978,0.85701,1.90801,0.95854,1.05645,0,0.0099525,0.0033175,0.0099525,0.0033175,0.0099525,0.0033175,0.0099525,0.0033175
137,15999.1,0.80574,1.70286,0.88552,1.13051,0,0.72921,0.6902,0.72416,0.5496,0.74943,0.68957,0.72663,0.49488,0.85611,1.91618,0.95289,1.05577,0,0.009804,0.003268,0.009804,0.003268,0.009804,0.003268,0.009804,0.003268
138,16115.2,0.79835,1.69088,0.86903,1.12146,0,0.70878,0.71362,0.72426,0.54889,0.71838,0.71185,0.72412,0.49649,0.85384,1.91749,0.95415,1.05414,0,0.0096555,0.0032185,0.0096555,0.0032185,0.0096555,0.0032185,0.0096555,0.0032185
139,16231.5,0.80306,1.69358,0.87403,1.12197,0,0.7266,0.70119,0.72572,0.55056,0.73461,0.6963,0.72236,0.49735,0.85538,1.91361,0.95528,1.05567,0,0.009507,0.003169,0.009507,0.003169,0.009507,0.003169,0.009507,0.003169
140,16347.1,0.79936,1.69065,0.87165,1.12129,0,0.72352,0.70978,0.72345,0.5497,0.73596,0.70964,0.72378,0.49764,0.85443,1.91614,0.95837,1.05279,0,0.0093585,0.0031195,0.0093585,0.0031195,0.0093585,0.0031195,0.0093585,0.0031195
141,16463,0.80222,1.70095,0.8692,1.12182,0,0.74187,0.6898,0.72175,0.54852,0.74677,0.69128,0.71945,0.49473,0.84833,1.91388,0.95071,1.05025,0,0.00921,0.00307,0.00921,0.00307,0.00921,0.00307,0.00921,0.00307
142,16577.9,0.79631,1.67376,0.86587,1.12046,0,0.72813,0.69618,0.72216,0.55007,0.74252,0.68654,0.7202,0.49293,0.84783,1.91448,0.9473,1.04937,0,0.0090615,0.0030205,0.0090615,0.0030205,0.0090615,0.0030205,0.0090615,0.0030205
143,16693.3,0.80306,1.69949,0.8718,1.12516,0,0.7222,0.71076,0.72565,0.55305,0.72532,0.70986,0.72445,0.49799,0.84756,1.90234,0.94719,1.04809,0,0.008913,0.002971,0.008913,0.002971,0.008913,0.002971,0.008913,0.002971
144,16808.1,0.79318,1.66737,0.86177,1.1181,0,0.72976,0.70483,0.72499,0.55146,0.73786,0.69801,0.72406,0.4952,0.8495,1.89709,0.95138,1.04917,0,0.0087645,0.0029215,0.0087645,0.0029215,0.0087645,0.0029215,0.0087645,0.0029215
145,16923.4,0.79314,1.66007,0.85568,1.1198,0,0.73085,0.70965,0.72703,0.55122,0.73663,0.70922,0.72717,0.49662,0.85233,1.90056,0.95021,1.05133,0,0.008616,0.002872,0.008616,0.002872,0.008616,0.002872,0.008616,0.002872
146,17038.1,0.79606,1.67959,0.86122,1.11735,0,0.72665,0.70919,0.72726,0.55243,0.73107,0.70818,0.72703,0.49764,0.8568,1.89923,0.95504,1.05609,0,0.0084675,0.0028225,0.0084675,0.0028225,0.0084675,0.0028225,0.0084675,0.0028225
147,17152.9,0.78912,1.67177,0.85798,1.1157,0,0.7176,0.72627,0.72867,0.55295,0.71694,0.72351,0.72507,0.49503,0.85877,1.89913,0.95283,1.05646,0,0.008319,0.002773,0.008319,0.002773,0.008319,0.002773,0.008319,0.002773
148,17269.2,0.78912,1.66041,0.85186,1.11761,0,0.73523,0.7038,0.72905,0.55246,0.73677,0.70127,0.72603,0.4974,0.85496,1.91054,0.95466,1.05331,0,0.0081705,0.0027235,0.0081705,0.0027235,0.0081705,0.0027235,0.0081705,0.0027235
149,17384.7,0.79266,1.66967,0.85424,1.11835,0,0.73464,0.69897,0.72765,0.55434,0.73517,0.69756,0.72388,0.49667,0.85165,1.89882,0.95261,1.05056,0,0.008022,0.002674,0.008022,0.002674,0.008022,0.002674,0.008022,0.002674
150,17499.7,0.79123,1.66295,0.85287,1.11793,0,0.72339,0.71569,0.72914,0.55397,0.7269,0.71293,0.72699,0.49806,0.85195,1.90744,0.9512,1.05101,0,0.0078735,0.0026245,0.0078735,0.0026245,0.0078735,0.0026245,0.0078735,0.0026245
151,17615,0.7877,1.66371,0.8481,1.11759,0,0.73481,0.70256,0.73042,0.55481,0.7389,0.70454,0.72828,0.49828,0.84879,1.90306,0.94828,1.04886,0,0.007725,0.002575,0.007725,0.002575,0.007725,0.002575,0.007725,0.002575
152,17730.1,0.78873,1.65661,0.84875,1.11452,0,0.74653,0.68852,0.72931,0.55572,0.74923,0.69183,0.72752,0.49904,0.84874,1.90688,0.94403,1.04917,0,0.0075765,0.0025255,0.0075765,0.0025255,0.0075765,0.0025255,0.0075765,0.0025255
153,17845.4,0.78443,1.65618,0.84599,1.11078,0,0.74272,0.69787,0.73113,0.55495,0.74351,0.69843,0.72511,0.49931,0.85694,1.90339,0.94731,1.05523,0,0.007428,0.002476,0.007428,0.002476,0.007428,0.002476,0.007428,0.002476
154,17960,0.78124,1.65088,0.83706,1.10886,0,0.74577,0.69735,0.73103,0.55542,0.74884,0.69677,0.72693,0.50037,0.85535,1.90745,0.94475,1.05239,0,0.0072795,0.0024265,0.0072795,0.0024265,0.0072795,0.0024265,0.0072795,0.0024265
155,18075.6,0.79125,1.64664,0.84744,1.11594,0,0.73521,0.70329,0.73079,0.55482,0.73639,0.70392,0.72846,0.49868,0.85467,1.90842,0.94435,1.05099,0,0.007131,0.002377,0.007131,0.002377,0.007131,0.002377,0.007131,0.002377
156,18190.4,0.78395,1.63597,0.84526,1.11484,0,0.74531,0.69444,0.73009,0.55517,0.74853,0.69593,0.72849,0.50033,0.84976,1.92012,0.94115,1.04783,0,0.0069825,0.0023275,0.0069825,0.0023275,0.0069825,0.0023275,0.0069825,0.0023275
157,18305.3,0.78643,1.65185,0.83926,1.11246,0,0.74583,0.6945,0.7314,0.55662,0.74833,0.6963,0.73138,0.49725,0.8531,1.91862,0.94371,1.05072,0,0.006834,0.002278,0.006834,0.002278,0.006834,0.002278,0.006834,0.002278
158,18420.5,0.78324,1.6444,0.84272,1.10943,0,0.74725,0.69581,0.73353,0.55883,0.75387,0.70071,0.73446,0.50369,0.85131,1.92174,0.93829,1.04936,0,0.0066855,0.0022285,0.0066855,0.0022285,0.0066855,0.0022285,0.0066855,0.0022285
159,18535.8,0.77755,1.64762,0.83417,1.10836,0,0.74007,0.70186,0.73362,0.55643,0.74412,0.70572,0.73248,0.50218,0.84899,1.91643,0.93974,1.04847,0,0.006537,0.002179,0.006537,0.002179,0.006537,0.002179,0.006537,0.002179
160,18651.1,0.78628,1.65536,0.84889,1.11813,0,0.74763,0.69118,0.73324,0.5572,0.7506,0.69447,0.73194,0.50418,0.85231,1.90617,0.93943,1.05155,0,0.0063885,0.0021295,0.0063885,0.0021295,0.0063885,0.0021295,0.0063885,0.0021295
161,18765.7,0.77339,1.63532,0.83854,1.10842,0,0.74774,0.6976,0.73441,0.55946,0.75331,0.70356,0.73699,0.50527,0.85159,1.90763,0.93781,1.0529,0,0.00624,0.00208,0.00624,0.00208,0.00624,0.00208,0.00624,0.00208
162,18880.7,0.78109,1.63331,0.83755,1.11078,0,0.74011,0.70544,0.73618,0.55944,0.74362,0.70697,0.73754,0.50688,0.85188,1.90909,0.93637,1.05321,0,0.0060915,0.0020305,0.0060915,0.0020305,0.0060915,0.0020305,0.0060915,0.0020305
163,18996.8,0.77629,1.62421,0.82825,1.1083,0,0.7507,0.70135,0.73611,0.55953,0.75448,0.69824,0.73583,0.50611,0.84949,1.91644,0.93456,1.05188,0,0.005943,0.001981,0.005943,0.001981,0.005943,0.001981,0.005943,0.001981
164,19124.3,0.77192,1.63919,0.82344,1.10417,0,0.74718,0.70212,0.73481,0.56089,0.74828,0.70159,0.73485,0.50619,0.84832,1.92154,0.93525,1.05135,0,0.0057945,0.0019315,0.0057945,0.0019315,0.0057945,0.0019315,0.0057945,0.0019315
165,19247.6,0.77611,1.62906,0.82502,1.10434,0,0.73703,0.7018,0.73317,0.56103,0.7507,0.69847,0.73656,0.5063,0.84826,1.9076,0.93514,1.05004,0,0.005646,0.001882,0.005646,0.001882,0.005646,0.001882,0.005646,0.001882
166,19369.7,0.77035,1.6318,0.82282,1.10368,0,0.74268,0.70524,0.73218,0.56019,0.74873,0.70438,0.73555,0.5047,0.85114,1.90975,0.93346,1.05209,0,0.0054975,0.0018325,0.0054975,0.0018325,0.0054975,0.0018325,0.0054975,0.0018325
167,19488.3,0.77407,1.63231,0.82539,1.10328,0,0.7455,0.70519,0.73326,0.56072,0.74886,0.70629,0.73409,0.50413,0.84926,1.90802,0.93349,1.05038,0,0.005349,0.001783,0.005349,0.001783,0.005349,0.001783,0.005349,0.001783
168,19606,0.76857,1.60717,0.81927,1.10382,0,0.73187,0.70487,0.73177,0.56054,0.73885,0.71117,0.73387,0.50602,0.84581,1.90234,0.93495,1.04572,0,0.0052005,0.0017335,0.0052005,0.0017335,0.0052005,0.0017335,0.0052005,0.0017335
169,19724.1,0.76813,1.62451,0.82309,1.10546,0,0.7388,0.69394,0.7309,0.55977,0.74653,0.69847,0.73213,0.50756,0.845,1.90894,0.93749,1.04426,0,0.005052,0.001684,0.005052,0.001684,0.005052,0.001684,0.005052,0.001684
170,19842,0.77494,1.6348,0.81852,1.1047,0,0.73473,0.70481,0.73124,0.55904,0.74691,0.70516,0.73189,0.50666,0.8479,1.92026,0.93885,1.04808,0,0.0049035,0.0016345,0.0049035,0.0016345,0.0049035,0.0016345,0.0049035,0.0016345
171,19959.3,0.76544,1.60655,0.81631,1.10232,0,0.73673,0.70139,0.7329,0.56238,0.74401,0.70721,0.73527,0.50754,0.84596,1.92388,0.93841,1.04599,0,0.004755,0.001585,0.004755,0.001585,0.004755,0.001585,0.004755,0.001585
172,20076.6,0.76808,1.60486,0.82153,1.10354,0,0.72603,0.71117,0.73493,0.56429,0.74066,0.70468,0.7358,0.50785,0.84821,1.92338,0.93777,1.04801,0,0.0046065,0.0015355,0.0046065,0.0015355,0.0046065,0.0015355,0.0046065,0.0015355
173,20197.9,0.76983,1.61959,0.8235,1.10546,0,0.7282,0.70628,0.73465,0.56327,0.7507,0.69875,0.7357,0.50694,0.84594,1.92639,0.93791,1.04782,0,0.004458,0.001486,0.004458,0.001486,0.004458,0.001486,0.004458,0.001486
174,20316.2,0.76229,1.60148,0.81076,1.10454,0,0.71338,0.72312,0.73507,0.56519,0.74781,0.69846,0.735,0.50692,0.84607,1.92473,0.93648,1.04841,0,0.0043095,0.0014365,0.0043095,0.0014365,0.0043095,0.0014365,0.0043095,0.0014365
175,20433,0.76598,1.61305,0.81025,1.1038,0,0.71297,0.72019,0.73484,0.56508,0.74705,0.70009,0.73471,0.50686,0.84679,1.9267,0.93652,1.04848,0,0.004161,0.001387,0.004161,0.001387,0.004161,0.001387,0.004161,0.001387
176,20549.9,0.76823,1.62034,0.81166,1.10318,0,0.73932,0.70053,0.73311,0.5624,0.745,0.70432,0.73342,0.50456,0.84739,1.9313,0.9398,1.04859,0,0.0040125,0.0013375,0.0040125,0.0013375,0.0040125,0.0013375,0.0040125,0.0013375
177,20667.1,0.76087,1.60586,0.80765,1.09935,0,0.74388,0.70014,0.7332,0.56149,0.74754,0.70396,0.73295,0.50424,0.84664,1.92799,0.93909,1.04731,0,0.003864,0.001288,0.003864,0.001288,0.003864,0.001288,0.003864,0.001288
178,20787.1,0.76221,1.60305,0.80807,1.10052,0,0.74401,0.7015,0.73327,0.56147,0.74875,0.70399,0.73245,0.50448,0.84636,1.92958,0.93935,1.04729,0,0.0037155,0.0012385,0.0037155,0.0012385,0.0037155,0.0012385,0.0037155,0.0012385
179,20904.1,0.75823,1.594,0.80378,1.09586,0,0.7394,0.70521,0.73225,0.56178,0.74626,0.70704,0.73152,0.50407,0.84912,1.9233,0.9413,1.04959,0,0.003567,0.001189,0.003567,0.001189,0.003567,0.001189,0.003567,0.001189
180,21020.4,0.75591,1.58693,0.80115,1.09689,0,0.74516,0.69847,0.73266,0.56087,0.75339,0.69866,0.73199,0.50518,0.84839,1.92054,0.9395,1.04839,0,0.0034185,0.0011395,0.0034185,0.0011395,0.0034185,0.0011395,0.0034185,0.0011395
181,21137,0.75784,1.59634,0.79588,1.09563,0,0.73775,0.70724,0.73261,0.56079,0.74423,0.70841,0.73111,0.50392,0.85018,1.91636,0.94084,1.04926,0,0.00327,0.00109,0.00327,0.00109,0.00327,0.00109,0.00327,0.00109
182,21252.9,0.75513,1.57756,0.79253,1.09483,0,0.73789,0.70198,0.73319,0.56221,0.74251,0.70394,0.73199,0.50424,0.85101,1.91754,0.93884,1.05034,0,0.0031215,0.0010405,0.0031215,0.0010405,0.0031215,0.0010405,0.0031215,0.0010405
183,21369,0.75458,1.58403,0.79328,1.09302,0,0.73789,0.70535,0.73289,0.56146,0.74891,0.69887,0.73146,0.50383,0.8511,1.92084,0.93975,1.04977,0,0.002973,0.000991,0.002973,0.000991,0.002973,0.000991,0.002973,0.000991
184,21485.3,0.75546,1.58226,0.79151,1.09306,0,0.72608,0.71688,0.73302,0.56135,0.73523,0.71436,0.73196,0.50297,0.85302,1.9208,0.93935,1.05293,0,0.0028245,0.0009415,0.0028245,0.0009415,0.0028245,0.0009415,0.0028245,0.0009415
185,21601.1,0.75685,1.58491,0.79803,1.09628,0,0.72139,0.71655,0.73228,0.56056,0.72672,0.71827,0.73095,0.50378,0.85391,1.92161,0.93984,1.05318,0,0.002676,0.000892,0.002676,0.000892,0.002676,0.000892,0.002676,0.000892
186,21716.9,0.75772,1.59339,0.79933,1.09908,0,0.7257,0.70751,0.7317,0.56079,0.73028,0.71125,0.73036,0.50254,0.85376,1.91979,0.94098,1.05282,0,0.0025275,0.0008425,0.0025275,0.0008425,0.0025275,0.0008425,0.0025275,0.0008425
187,21832.6,0.75489,1.58552,0.79518,1.09467,0,0.72829,0.70683,0.73225,0.56075,0.73352,0.70989,0.7304,0.5022,0.85392,1.91947,0.93968,1.05276,0,0.002379,0.000793,0.002379,0.000793,0.002379,0.000793,0.002379,0.000793
188,21948.5,0.75461,1.58913,0.79174,1.09377,0,0.72815,0.70537,0.732,0.56141,0.73887,0.69965,0.7297,0.50198,0.85413,1.92302,0.93974,1.05276,0,0.0022305,0.0007435,0.0022305,0.0007435,0.0022305,0.0007435,0.0022305,0.0007435
189,22064.1,0.75511,1.57924,0.79218,1.09399,0,0.73175,0.69954,0.732,0.56147,0.73885,0.70287,0.73024,0.50161,0.85344,1.92793,0.93968,1.0523,0,0.002082,0.000694,0.002082,0.000694,0.002082,0.000694,0.002082,0.000694
190,22179.7,0.74746,1.57425,0.78712,1.09107,0,0.72575,0.70721,0.73226,0.56156,0.74809,0.6946,0.73109,0.5022,0.85277,1.92869,0.94061,1.05224,0,0.0019335,0.0006445,0.0019335,0.0006445,0.0019335,0.0006445,0.0019335,0.0006445
191,22310.6,0.73511,1.49,0.7709,1.1067,0,0.73559,0.70015,0.73177,0.55968,0.74273,0.70305,0.73173,0.50276,0.85129,1.94333,0.94086,1.0504,0,0.001785,0.000595,0.001785,0.000595,0.001785,0.000595,0.001785,0.000595
192,22415.2,0.72115,1.43216,0.72126,1.0981,0,0.72764,0.70698,0.73035,0.55762,0.73009,0.70801,0.72888,0.50097,0.85116,1.94558,0.94182,1.04952,0,0.0016365,0.0005455,0.0016365,0.0005455,0.0016365,0.0005455,0.0016365,0.0005455
193,22520.3,0.70871,1.42624,0.70664,1.08598,0,0.73288,0.70422,0.73072,0.55753,0.73267,0.7065,0.72818,0.4998,0.84956,1.94871,0.94362,1.04859,0,0.001488,0.000496,0.001488,0.000496,0.001488,0.000496,0.001488,0.000496
194,22625,0.70257,1.41602,0.69462,1.08287,0,0.7295,0.70674,0.73014,0.55678,0.73603,0.70334,0.72753,0.49983,0.84934,1.95075,0.94301,1.04747,0,0.0013395,0.0004465,0.0013395,0.0004465,0.0013395,0.0004465,0.0013395,0.0004465
195,22729.8,0.70719,1.40264,0.69353,1.0862,0,0.72869,0.71042,0.73012,0.55687,0.73066,0.70929,0.72764,0.4999,0.84882,1.95173,0.94295,1.04671,0,0.001191,0.000397,0.001191,0.000397,0.001191,0.000397,0.001191,0.000397
196,22834.1,0.70465,1.40159,0.69453,1.09029,0,0.72754,0.71027,0.73024,0.557,0.73831,0.70007,0.72676,0.4995,0.85004,1.95391,0.94471,1.04755,0,0.0010425,0.0003475,0.0010425,0.0003475,0.0010425,0.0003475,0.0010425,0.0003475
197,22938.6,0.70165,1.40919,0.69352,1.08197,0,0.72896,0.7101,0.73122,0.55801,0.73441,0.70252,0.72757,0.49994,0.85015,1.95548,0.94592,1.04763,0,0.000894,0.000298,0.000894,0.000298,0.000894,0.000298,0.000894,0.000298
198,23042.6,0.69338,1.38962,0.6779,1.07671,0,0.72616,0.71216,0.73112,0.55818,0.73744,0.70063,0.72715,0.50012,0.84967,1.95595,0.94588,1.04698,0,0.0007455,0.0002485,0.0007455,0.0002485,0.0007455,0.0002485,0.0007455,0.0002485
199,23147,0.69816,1.39814,0.68189,1.07655,0,0.71956,0.71563,0.73074,0.55736,0.7316,0.70343,0.72814,0.50024,0.84867,1.95289,0.94488,1.04644,0,0.000597,0.000199,0.000597,0.000199,0.000597,0.000199,0.000597,0.000199
200,23250.8,0.69698,1.39669,0.67841,1.07516,0,0.72096,0.71497,0.73084,0.55708,0.72563,0.70512,0.72851,0.4999,0.84792,1.95152,0.94434,1.04607,0,0.0004485,0.0001495,0.0004485,0.0001495,0.0004485,0.0001495,0.0004485,0.0001495
